Year,Normalized_Yearly_Avg
2009,1
2010,0.486669898
2011,0
2012,0.161900145
2013,0.00484731
2014,0.518662143
2015,0.786718371
2016,0.898691226
2017,0.999515269
2018,0.160639845
2019,0.152690257
2020,0.158022298
2021,0.215705284
